match_id,team,start_minute,end_minute,pass_count,score_context,phase_context,intensity_context,density,clustering_coefficient,avg_betweenness_centrality,avg_eigenvector_centrality,avg_path_length,centralization,normalized_path_length,normalized_centralization
3754058,AFC Bournemouth,0,10,106,tied,early,high,0.061224489795918366,0.04541596640585754,0.026537050368237385,0.11211849429380544,0.034892217756667884,0.15336879432624112,28.659685863874344,0.1501736111111111
3754058,Leicester City,0,10,23,tied,early,low,0.016156462585034014,0.0,0.0019094380796508457,0.1016374738761455,0.13345864661654133,0.04831560283687943,7.492957746478875,0.04730902777777778
3754058,AFC Bournemouth,5,15,83,tied,early,high,0.055272108843537414,0.04478873115373825,0.0440590831855792,0.10879899330996123,0.053429903429903426,0.09441489361702125,18.71611093798691,0.09244791666666666
3754058,Leicester City,5,15,38,tied,early,low,0.023809523809523808,0.012418443603832855,0.005576527110501029,0.08240972910376412,0.0993939393939394,0.08377659574468084,10.060975609756097,0.08203125
3754058,AFC Bournemouth,10,20,75,tied,early,medium,0.05272108843537415,0.053916163920058956,0.04637260887260887,0.09846562708482659,0.05670030414727979,0.07535460992907803,17.636589698046183,0.07378472222222224
3754058,Leicester City,10,20,42,tied,early,low,0.026360544217687076,0.00971878195082571,0.030222437137330756,0.08953693614894945,0.13556043956043956,0.08111702127659573,7.376783398184176,0.07942708333333333
3754058,AFC Bournemouth,15,25,75,tied,early,medium,0.04591836734693878,0.025277883149809457,0.03925610641036174,0.10323661545860544,0.06407239819004525,0.08244680851063829,15.607344632768362,0.08072916666666667
3754058,Leicester City,15,25,65,tied,early,medium,0.04251700680272109,0.02988300168635371,0.037660887838192804,0.11524862318196274,0.06995653125684086,0.10771276595744679,14.294590970049173,0.10546874999999999
3754058,AFC Bournemouth,20,30,58,tied,early,medium,0.036564625850340135,0.007482993197278911,0.04165230168111374,0.0816755339438478,0.09022350198820787,0.0704787234042553,11.083586626139818,0.06901041666666666
3754058,Leicester City,20,30,81,tied,early,high,0.050170068027210885,0.03828859873720946,0.03115895150469619,0.12246891482006975,0.04836875926841325,0.14317375886524825,20.67450178845171,0.14019097222222227
3754058,AFC Bournemouth,25,35,37,tied,early,low,0.02040816326530612,0.012221953684449683,0.011516614131862358,0.11643281638056274,0.16255252100840334,0.10904255319148937,6.151857835218094,0.10677083333333334
3754058,Leicester City,25,35,72,tied,early,medium,0.036564625850340135,0.03681078646477152,0.026014711520030667,0.10197032493215255,0.0801164352888491,0.0921985815602837,12.481833426495246,0.09027777777777779
3754058,AFC Bournemouth,30,40,39,tied,middle,low,0.02295918367346939,0.0,0.005919698009608784,0.08504325733391394,0.13365800865800861,0.06294326241134751,7.481781376518221,0.06163194444444444
3754058,Leicester City,30,40,49,tied,middle,low,0.026360544217687076,0.052489197978068024,0.04306759478154277,0.08541394814201342,0.1380670611439842,0.10283687943262411,7.242857142857144,0.10069444444444445
3754058,AFC Bournemouth,35,45,47,tied,middle,low,0.031462585034013606,0.03479248307939051,0.031122394154309042,0.10377947113373033,0.10267069790879314,0.07579787234042552,9.739877300613497,0.07421875
3754058,Leicester City,35,45,48,tied,middle,low,0.03486394557823129,0.0,0.04740911123889847,0.09134673979282737,0.10001867413632119,0.09397163120567377,9.998132935026138,0.09201388888888891
3754058,AFC Bournemouth,40,50,76,tied,middle,medium,0.05357142857142857,0.03529853867079664,0.042849949563625374,0.11546270722278218,0.05555447300220191,0.1179078014184397,18.00035075412136,0.11545138888888888
3754058,Leicester City,40,50,69,tied,middle,medium,0.0467687074829932,0.04040783330607678,0.046778743321296515,0.09236054606524395,0.06471406882591094,0.1901595744680851,15.452590420332355,0.18619791666666669
3754058,AFC Bournemouth,45,55,68,tied,middle,medium,0.047619047619047616,0.05674402016653954,0.028424825765251297,0.12433586991732283,0.05200992555831266,0.14583333333333334,19.22709923664122,0.14279513888888892
3754058,Leicester City,45,55,79,tied,middle,medium,0.04081632653061224,0.03070622269010029,0.04302888773568587,0.0,0.07529100529100528,0.08776595744680851,13.281799016163037,0.08593750000000001
3754058,AFC Bournemouth,50,60,40,tied,middle,low,0.02976190476190476,0.07634368946846247,0.021189037737501092,0.13359971103824975,0.09334144116752811,0.09929078014184398,10.713355048859937,0.09722222222222224
3754058,Leicester City,50,60,63,tied,middle,medium,0.03231292517006803,0.010714285714285714,0.03516548463356974,0.07168378030870613,0.10825496342737723,0.09663120567375887,9.237451737451737,0.09461805555555557
3754058,AFC Bournemouth,55,65,36,tied,middle,low,0.026360544217687076,0.016284693842178635,0.024970449172576833,0.10277801209336239,0.13043478260869565,0.08111702127659573,7.666666666666667,0.07942708333333333
3754058,Leicester City,55,65,36,tied,middle,low,0.026360544217687076,0.0,0.03637522163120567,0.13996814315513298,0.14405188598736987,0.05939716312056737,6.941943127962085,0.058159722222222224
3754058,AFC Bournemouth,60,70,24,tied,late,low,0.01445578231292517,0.0,0.015584173198954835,0.16772969073552202,0.2088235294117647,0.09352836879432623,4.788732394366197,0.0915798611111111
3754058,Leicester City,60,70,34,tied,late,low,0.023809523809523808,0.021427228739708728,0.009308510638297872,0.06760373359914579,0.13201970443349753,0.06205673758865248,7.574626865671642,0.060763888888888895
3754058,Leicester City,65,75,58,tied,late,medium,0.03826530612244898,0.02790885379639849,0.037268808232512864,0.11512301354433435,0.07474611708482676,0.09042553191489362,13.37862137862138,0.08854166666666669
3754058,Leicester City,70,80,81,tied,late,high,0.047619047619047616,0.03105094053387738,0.027094872227850952,0.1093382227135837,0.04529671717171717,0.12411347517730496,22.076655052264808,0.12152777777777779
3754058,AFC Bournemouth,75,85,21,tied,late,low,0.015306122448979591,0.026569763637238824,0.0036569148936170214,0.1379860446096173,0.13,0.11436170212765957,7.692307692307692,0.11197916666666667
3754058,Leicester City,75,85,68,tied,late,medium,0.039965986394557826,0.04182797164704957,0.03992260426012844,0.1246039043527006,0.07585903679653679,0.08865248226950355,13.182345073562196,0.08680555555555557
3754058,AFC Bournemouth,80,90,22,tied,late,low,0.016156462585034014,0.017998872141355333,0.0037072856221792394,0.13567171845485382,0.11976911976911976,0.11347517730496454,8.349397590361447,0.11111111111111112
3754058,Leicester City,80,90,65,tied,late,medium,0.04336734693877551,0.036427631546367537,0.04135168171072427,0.12551402856389338,0.07131718184349763,0.0851063829787234,14.021866458414683,0.08333333333333334
3754245,West Bromwich Albion,0,10,55,tied,early,medium,0.0391156462585034,0.023652282464949433,0.04301490809089593,0.11504207480509222,0.08139726478826824,0.0895390070921986,12.285425101214576,0.08767361111111113
3754245,Sunderland,0,10,32,tied,early,low,0.022108843537414966,0.0,0.013603570555147958,0.11756413602764015,0.13700918964076858,0.08554964539007091,7.298780487804878,0.0837673611111111
3754245,West Bromwich Albion,5,15,46,tied,early,low,0.034013605442176874,0.015026293397141557,0.023107851565298373,0.12170151581169415,0.07834295334295334,0.13829787234042554,12.76438986953185,0.13541666666666669
3754245,Sunderland,5,15,31,tied,early,low,0.022108843537414966,0.022108843537414963,0.04578014184397163,0.11714419313105917,0.197037037037037,0.06382978723404255,5.075187969924813,0.0625
3754245,West Bromwich Albion,10,20,38,tied,early,low,0.02806122448979592,0.036548730164588886,0.013815349544072947,0.14561632390869428,0.0781954887218045,0.14450354609929078,12.78846153846154,0.14149305555555558
3754245,Sunderland,10,20,70,tied,early,medium,0.04591836734693878,0.054680553382693516,0.03340677583089974,0.12211752903431095,0.0561058998860349,0.16932624113475175,17.823437499999997,0.1657986111111111
3754245,West Bromwich Albion,15,25,34,tied,early,low,0.02806122448979592,0.04713313896987366,0.03962765957446809,0.11512574203277046,0.13780663780663782,0.1227836879432624,7.256544502617801,0.12022569444444445
3754245,Sunderland,15,25,76,tied,early,medium,0.047619047619047616,0.012611931945018648,0.029165601228671133,0.11772976809316653,0.046293290043290046,0.14583333333333334,21.601402688486264,0.14279513888888892
3754245,West Bromwich Albion,20,30,42,tied,early,low,0.02806122448979592,0.020060606852919077,0.04673252279635258,0.08324419128210608,0.17045617045617045,0.07934397163120567,5.866610738255034,0.07769097222222222
3754245,Sunderland,20,30,55,tied,early,medium,0.039965986394557826,0.021370126524869606,0.028494161472884878,0.12136750065164005,0.06236559139784946,0.1103723404255319,16.03448275862069,0.10807291666666666
3754245,West Bromwich Albion,25,35,45,tied,early,low,0.02891156462585034,0.025917830271393695,0.02931072695035461,0.0,0.12051282051282053,0.10017730496453901,8.297872340425531,0.09809027777777779
3754245,Sunderland,25,35,57,tied,early,medium,0.03741496598639456,0.028371689608791495,0.03401387150604923,0.11550676500692098,0.0874005305039788,0.113031914893617,11.441578148710166,0.11067708333333331
3754245,West Bromwich Albion,30,40,53,tied,middle,medium,0.031462585034013606,0.04101879693663006,0.02561687352245863,0.08434876181800016,0.11294559099437147,0.09751773049645392,8.853820598006646,0.09548611111111113
3754245,Sunderland,30,40,50,tied,middle,low,0.03486394557823129,0.020098354547530867,0.03886857269503546,0.11231514209146984,0.08785842293906809,0.09397163120567377,11.381947985721572,0.09201388888888891
3754245,West Bromwich Albion,35,45,67,tied,middle,medium,0.04081632653061224,0.01836734693877551,0.0432943867119399,0.11505494872148334,0.08260662755668303,0.06604609929078013,12.105566218809983,0.06467013888888888
3754245,Sunderland,35,45,31,tied,middle,low,0.02295918367346939,0.019727891156462587,0.013772796352583588,0.13273443678009067,0.1255221386800334,0.08466312056737588,7.966722129783695,0.08289930555555555
3754245,West Bromwich Albion,40,50,67,tied,middle,medium,0.04336734693877551,0.027891156462585033,0.05441898527004909,0.09774386492134414,0.10183397683397682,0.06338652482269504,9.819905213270143,0.06206597222222223
3754245,Sunderland,40,50,30,tied,middle,low,0.01870748299319728,0.04178814382896015,0.014608387295713844,0.1472834986806573,0.14619883040935672,0.13253546099290778,6.840000000000001,0.12977430555555555
3754245,West Bromwich Albion,45,55,57,tied,middle,medium,0.039965986394557826,0.014965986394557823,0.056589834515366436,0.10884065077215936,0.09273504273504272,0.08865248226950355,10.783410138248849,0.08680555555555557
3754245,Sunderland,45,55,38,tied,middle,low,0.02465986394557823,0.008503401360544217,0.013022743947175348,0.1280895309926792,0.10999999999999999,0.1046099290780142,9.090909090909092,0.10243055555555558
3754245,West Bromwich Albion,50,60,59,leading,middle,medium,0.04081632653061224,0.006122448979591836,0.034523809523809526,0.10712397148163402,0.06947951739618406,0.06604609929078013,14.392730943967694,0.06467013888888888
3754245,Sunderland,50,60,31,trailing,middle,low,0.022108843537414966,0.0,0.0290848336061102,0.1419617787354781,0.16176255306690088,0.06382978723404255,6.181900452488688,0.0625
3754245,West Bromwich Albion,55,65,62,leading,middle,medium,0.041666666666666664,0.02211521634752967,0.0380840176682842,0.10411816697907646,0.06658456486042694,0.13031914893617022,15.01849568434032,0.12760416666666669
3754245,West Bromwich Albion,60,70,73,leading,late,medium,0.04846938775510204,0.028931451409360744,0.03541506077790272,0.13288728595872135,0.054861944777911155,0.10150709219858155,18.227571115973745,0.0993923611111111
3754245,Sunderland,60,70,20,trailing,late,low,0.011904761904761904,0.018427416716149506,0.0023096304591265398,0.1328511359571832,0.17973856209150327,0.09618794326241134,5.5636363636363635,0.09418402777777778
3754245,West Bromwich Albion,65,75,68,leading,late,medium,0.04421768707482993,0.016402116402116404,0.03270981087470449,0.13594896199335352,0.06033888965422235,0.14937943262411346,16.573059360730593,0.1462673611111111
3754245,Sunderland,65,75,42,trailing,late,low,0.027210884353741496,0.0,0.04443705673758865,0.08965327739088935,0.17663817663817666,0.05851063829787234,5.661290322580644,0.05729166666666667
3754245,West Bromwich Albion,70,80,44,leading,late,low,0.02891156462585034,0.00557107947232427,0.04073984526112185,0.10328618015977814,0.12282642089093702,0.10017730496453901,8.141570785392696,0.09809027777777779
3754245,Sunderland,70,80,50,trailing,late,low,0.031462585034013606,0.004040563133773645,0.02420628324468085,0.12065187732649096,0.08662325328991995,0.11923758865248225,11.544244322631169,0.11675347222222221
3754245,West Bromwich Albion,75,85,55,leading,late,medium,0.031462585034013606,0.01111111111111111,0.03184301322599195,0.09404962013279299,0.11163936304273112,0.09751773049645392,8.957414058491535,0.09548611111111113
3754245,Sunderland,75,85,32,trailing,late,low,0.01870748299319728,0.0,0.003221040189125295,0.09348424341948224,0.1328671328671329,0.08909574468085106,7.526315789473683,0.08723958333333334
3754245,West Bromwich Albion,80,90,47,leading,late,low,0.02891156462585034,0.02585034013605442,0.010631148478609015,0.10920078432804427,0.08245614035087719,0.10017730496453901,12.127659574468087,0.09809027777777779
3754245,Sunderland,80,90,45,trailing,late,low,0.027210884353741496,0.00314266021515728,0.036808539752413556,0.12664966803018538,0.1232895457033388,0.08023049645390071,8.110987791342952,0.07855902777777778
3754136,Newcastle United,0,10,56,tied,early,medium,0.034013605442176874,0.02137573556883983,0.022454407294832824,0.10382318603778738,0.08362088796871406,0.1382978723404255,11.958734525447042,0.13541666666666666
3754136,Aston Villa,0,10,48,tied,early,low,0.034013605442176874,0.022791776690770506,0.04698581560283688,0.08997269003470625,0.11299486803519063,0.11657801418439714,8.849959448499593,0.11414930555555555
3754136,Newcastle United,5,15,67,tied,early,medium,0.04421768707482993,0.049768494312859575,0.038661347517730496,0.1214364330486214,0.06215686274509804,0.10593971631205673,16.08832807570978,0.1037326388888889
3754136,Aston Villa,5,15,49,tied,early,low,0.03741496598639456,0.01839164237123421,0.02926854666216368,0.1451067559253229,0.07117053718038939,0.1347517730496454,14.05075807514832,0.13194444444444445
3754136,Newcastle United,10,20,59,tied,early,medium,0.03741496598639456,0.02398768954988695,0.029376626537139676,0.11071913049059474,0.07049853372434017,0.1347517730496454,14.1846921797005,0.13194444444444445
3754136,Aston Villa,10,20,57,tied,early,medium,0.03571428571428571,0.025475473569448064,0.025659889041409284,0.11538807714535892,0.07195767195767196,0.11480496453900707,13.897058823529411,0.11241319444444443
3754136,Newcastle United,15,25,57,tied,early,medium,0.03826530612244898,0.036980323494438236,0.0333436313489505,0.11726263771861142,0.06643081761006289,0.11214539007092197,15.053254437869823,0.10980902777777778
3754136,Aston Villa,15,25,60,tied,early,medium,0.03826530612244898,0.04008089852044783,0.03242576473959453,0.1163788699155881,0.06807255244755245,0.15558510638297873,14.690208667736757,0.15234375000000003
3754136,Newcastle United,20,30,73,tied,early,medium,0.04421768707482993,0.031969233304091224,0.03652295315289236,0.11310220739792061,0.05647058823529412,0.1276595744680851,17.708333333333332,0.125
3754136,Aston Villa,20,30,43,tied,early,low,0.031462585034013606,0.053514739229024944,0.01879432624113475,0.12143719733458948,0.08605263157894737,0.162677304964539,11.62079510703364,0.15928819444444445
3754136,Newcastle United,25,35,47,tied,early,low,0.030612244897959183,0.012281777767751936,0.015765366430260046,0.11072304555566455,0.0752826546557588,0.12012411347517728,13.283272283272284,0.11762152777777776
3754136,Aston Villa,25,35,58,tied,early,medium,0.03486394557823129,0.01735301644461278,0.021933178191489364,0.09972106539061791,0.06944444444444445,0.07225177304964539,14.399999999999999,0.07074652777777779
3754136,Newcastle United,30,40,29,tied,middle,low,0.021258503401360544,0.016034985422740525,0.00971483451536643,0.14637043040885217,0.10784313725490197,0.15159574468085107,9.272727272727272,0.14843750000000003
3754136,Aston Villa,30,40,54,tied,middle,medium,0.03231292517006803,0.021372780675154718,0.01928465108134139,0.1276913986094233,0.07509881422924901,0.09663120567375887,13.31578947368421,0.09461805555555557
3754136,Newcastle United,35,45,41,leading,middle,low,0.02806122448979592,0.02610581750752779,0.026093380614657206,0.10777698808705945,0.10295218295218295,0.16622340425531915,9.713247172859452,0.16276041666666669
3754136,Aston Villa,35,45,47,trailing,middle,low,0.027210884353741496,0.02466410365954994,0.026174645390070923,0.10126203215782602,0.11833333333333333,0.10195035460992909,8.450704225352112,0.09982638888888891
3754136,Newcastle United,40,50,49,leading,middle,low,0.03316326530612245,0.01832145838930753,0.02626547072729801,0.09139994292387169,0.09000721500721501,0.09574468085106383,11.110220440881763,0.09375
3754136,Aston Villa,40,50,79,trailing,middle,medium,0.05357142857142857,0.029790702924264213,0.049529935675408206,0.0962993256271169,0.05227320343599414,0.1179078014184397,19.130260521042082,0.11545138888888888
3754136,Newcastle United,45,55,37,leading,middle,low,0.026360544217687076,0.021359738604369453,0.011904761904761904,0.07930797054751376,0.1270053475935829,0.05939716312056737,7.873684210526315,0.058159722222222224
3754136,Aston Villa,45,55,72,trailing,middle,medium,0.050170068027210885,0.0402332361516035,0.05389667956157318,0.09010344926106545,0.06252131214621837,0.09973404255319147,15.99454595036815,0.09765624999999999
3754136,Newcastle United,50,60,25,leading,middle,low,0.01870748299319728,0.044217687074829926,0.011332099907493063,0.0,0.1549242424242424,0.0673758865248227,6.45476772616137,0.06597222222222222
3754136,Aston Villa,50,60,44,trailing,middle,low,0.027210884353741496,0.012698412698412698,0.04681959219858156,0.08316919774184392,0.17505668934240365,0.08023049645390071,5.712435233160621,0.07855902777777778
3754136,Newcastle United,55,65,38,tied,middle,low,0.027210884353741496,0.015306122448979591,0.03226950354609929,0.12697649612971287,0.11848645181978515,0.08023049645390071,8.43978349120433,0.07855902777777778
3754136,Aston Villa,55,65,47,tied,middle,low,0.02976190476190476,0.027861266975587228,0.02501266464032421,0.13400648021149733,0.09652951699463327,0.09929078014184398,10.35952557449963,0.09722222222222224
3754136,Newcastle United,60,70,32,tied,late,low,0.023809523809523808,0.0,0.017881092016730316,0.13313543613815051,0.11509180474697717,0.08377659574468084,8.688715953307392,0.08203125
3754136,Aston Villa,60,70,70,tied,late,medium,0.047619047619047616,0.03898630010145021,0.029433890577507598,0.11211767306861894,0.05160256410256411,0.12411347517730496,19.37888198757764,0.12152777777777779
3754136,Newcastle United,65,75,30,tied,late,low,0.017006802721088437,0.0,0.0020896656534954406,0.05064711296289227,0.12946428571428573,0.0474290780141844,7.724137931034482,0.04644097222222223
3754136,Aston Villa,65,75,65,tied,late,medium,0.039965986394557826,0.036693679797596176,0.02102295114263199,0.09019888030361596,0.06084656084656084,0.1103723404255319,16.434782608695652,0.10807291666666666
3754136,Newcastle United,70,80,47,tied,late,low,0.025510204081632654,0.030910544182314686,0.03558327219369039,0.11004306841413994,0.15181115181115182,0.08200354609929078,6.5871313672922245,0.0802951388888889
3754136,Aston Villa,70,80,32,tied,late,low,0.021258503401360544,0.00557107947232427,0.013034025667004389,0.11078868737096656,0.1361737677527151,0.08643617021276596,7.34355828220859,0.08463541666666669
3754136,Newcastle United,75,85,48,tied,late,low,0.02806122448979592,0.006571016813510676,0.03218929415737926,0.10696215393033483,0.10449735449735449,0.07934397163120567,9.569620253164558,0.07769097222222222
3754136,Aston Villa,75,85,24,tied,late,low,0.0195578231292517,0.0538751341804553,0.0015672492401215803,0.0,0.09970238095238095,0.06648936170212766,10.029850746268657,0.06510416666666667
3754136,Newcastle United,80,90,50,tied,late,low,0.02976190476190476,0.005668934240362812,0.010900033772374198,0.0,0.08333333333333333,0.0775709219858156,12.0,0.0759548611111111
3754136,Aston Villa,80,90,39,tied,late,low,0.02806122448979592,0.04809416394414793,0.016095966312056738,0.10930934196711016,0.10427807486631016,0.10106382978723404,9.58974358974359,0.09895833333333333
3754037,AFC Bournemouth,0,10,52,tied,early,medium,0.03571428571428571,0.009791158945888678,0.04594731509625126,0.10133593772575121,0.09258636788048552,0.13652482269503544,10.800726099233563,0.13368055555555555
3754037,Everton,0,10,72,tied,early,medium,0.0467687074829932,0.016393931699853922,0.04447404939426216,0.10620514693461229,0.06096817726698881,0.08156028368794327,16.401999285969296,0.07986111111111112
3754037,AFC Bournemouth,5,15,54,tied,early,medium,0.03741496598639456,0.0382407436300176,0.036844666944792104,0.10147264830583927,0.08416266300617707,0.09131205673758866,11.881753312945975,0.08940972222222224
3754037,Everton,5,15,61,tied,early,medium,0.041666666666666664,0.041739534146797465,0.04165995056952504,0.11497330516406595,0.07338154269972452,0.10859929078014183,13.62740497419052,0.10633680555555555
3754037,AFC Bournemouth,10,20,59,tied,early,medium,0.039965986394557826,0.06396602216590618,0.019326592930316334,0.10318776468855365,0.06516923076923077,0.1103723404255319,15.34466477809254,0.10807291666666666
3754037,Everton,10,20,73,tied,early,medium,0.04421768707482993,0.029409444310976297,0.039321831963675925,0.12479330417129925,0.06436011904761904,0.08421985815602837,15.537572254335261,0.08246527777777778
3754037,AFC Bournemouth,15,25,46,tied,early,low,0.02891156462585034,0.03281503754930406,0.025807722616233254,0.09263399340769451,0.10816568047337279,0.07845744680851063,9.24507658643326,0.07682291666666667
3754037,Everton,15,25,98,tied,early,high,0.055272108843537414,0.0433315031426213,0.03624312239671282,0.10829484673135363,0.043704906204906205,0.15957446808510636,22.880726372265787,0.15625
3754037,AFC Bournemouth,20,30,47,tied,early,low,0.03231292517006803,0.056086689878628145,0.028470375295508273,0.12755385461777952,0.09221466364323506,0.09663120567375887,10.844262295081968,0.09461805555555557
3754037,Everton,20,30,90,tied,early,high,0.05272108843537415,0.05197653206158647,0.050423277717160694,0.09302916101380994,0.05448717948717949,0.14051418439716312,18.352941176470587,0.13758680555555558
3754037,AFC Bournemouth,25,35,54,tied,early,medium,0.03486394557823129,0.028344671201814064,0.02693602693602693,0.11454010655057811,0.08234437975817285,0.07225177304964539,12.144119646498982,0.07074652777777779
3754037,Everton,25,35,73,tied,early,medium,0.04846938775510204,0.0439524750560833,0.03436842465967413,0.1247292275449376,0.05228174603174603,0.1449468085106383,19.127134724857683,0.14192708333333334
3754037,AFC Bournemouth,30,40,35,tied,middle,low,0.021258503401360544,0.015306122448979591,0.035202423167848704,0.15947495003680473,0.1878483835005574,0.08643617021276596,5.3234421364985165,0.08463541666666669
3754037,Everton,30,40,76,tied,middle,medium,0.04591836734693878,0.050464340602880964,0.04783252615699424,0.08807009780093147,0.06427260593927261,0.10416666666666664,15.558728098637246,0.10199652777777776
3754037,AFC Bournemouth,35,45,23,tied,middle,low,0.017006802721088437,0.0,0.004432624113475178,0.0,0.11774891774891776,0.06914893617021277,8.492647058823529,0.06770833333333334
3754037,Everton,35,45,84,tied,middle,high,0.05187074829931973,0.08239297010547868,0.03111826609167035,0.11167728721874802,0.049517327592193905,0.1196808510638298,20.19495091164095,0.11718750000000001
3754037,AFC Bournemouth,40,50,46,tied,middle,low,0.02976190476190476,0.01908980878115163,0.026198391590678823,0.10503896180730314,0.08833020637898686,0.09929078014184398,11.321155480033985,0.09722222222222224
3754037,Everton,40,50,78,tied,middle,medium,0.0467687074829932,0.031195042636628954,0.04217521578976304,0.07701072074999758,0.06029934977303398,0.125,16.58392675483215,0.12239583333333334
3754037,AFC Bournemouth,45,55,57,tied,middle,medium,0.03571428571428571,0.03463993220918398,0.026357952866430258,0.09194318577821575,0.07968901846452867,0.09308510638297872,12.548780487804878,0.09114583333333334
3754037,Everton,45,55,59,tied,middle,medium,0.036564625850340135,0.007312925170068027,0.0499213736913205,0.07669038598943924,0.09742218565747977,0.0921985815602837,10.26460239268121,0.09027777777777779
3754037,AFC Bournemouth,50,60,62,tied,middle,medium,0.03826530612244898,0.03338427615939695,0.05686261138388799,0.0780888291640895,0.1213985594237695,0.11214539007092197,8.237330037082819,0.10980902777777778
3754037,Everton,50,60,32,tied,middle,low,0.02465986394557823,0.01838009960491728,0.01208628841607565,0.08142169949190348,0.1015625,0.061170212765957445,9.846153846153847,0.059895833333333336
3754037,AFC Bournemouth,55,65,49,tied,middle,low,0.02976190476190476,0.036786306631539964,0.006648936170212765,0.07002279505918053,0.08655303030303031,0.0775709219858156,11.553610503282275,0.0759548611111111
3754037,Everton,55,65,39,tied,middle,low,0.02806122448979592,0.01292517006802721,0.03720544497826585,0.13106472465890293,0.14247921390778534,0.07934397163120567,7.018567639257294,0.07769097222222222
3754037,AFC Bournemouth,60,70,27,trailing,late,low,0.01870748299319728,0.02999812023559222,0.01150899189463019,0.0,0.18993055555555557,0.04565602836879433,5.26508226691042,0.04470486111111112
3754037,Everton,60,70,86,leading,late,high,0.05187074829931973,0.043214296457606466,0.04567948433806146,0.09894277375633014,0.05194805194805195,0.0979609929078014,19.25,0.09592013888888888
3754037,AFC Bournemouth,65,75,60,trailing,late,medium,0.034013605442176874,0.0430726603397295,0.05406497705465165,0.10354142738808364,0.10848484848484849,0.11657801418439714,9.217877094972067,0.11414930555555555
3754037,Everton,65,75,65,leading,late,medium,0.03826530612244898,0.034266811178145916,0.03191899789860783,0.10511894375174208,0.0808957590170432,0.09042553191489362,12.36158745712886,0.08854166666666669
3754037,AFC Bournemouth,70,80,71,trailing,late,medium,0.04336734693877551,0.05062267284590872,0.04249581178122611,0.10677853576818612,0.07080979284369116,0.10682624113475177,14.122340425531913,0.10460069444444445
3754037,Everton,70,80,55,leading,late,medium,0.04081632653061224,0.08202813407541479,0.0231604609929078,0.14010916544162616,0.06261083743842365,0.13120567375886524,15.971675845790715,0.12847222222222224
3754037,AFC Bournemouth,75,85,65,trailing,late,medium,0.041666666666666664,0.08114308980821737,0.05143544651903313,0.11698480907103753,0.08604441776710682,0.10859929078014183,11.621904429717478,0.10633680555555555
3754037,Everton,75,85,65,leading,late,medium,0.047619047619047616,0.036905325379852624,0.030242229870671673,0.1305246404857012,0.05140118640600801,0.14583333333333334,19.454803865832858,0.14279513888888892
3754037,AFC Bournemouth,80,90,68,trailing,late,medium,0.04336734693877551,0.021921632464185607,0.05484785112444687,0.07331070515528106,0.07622582096266307,0.0851063829787234,13.11891413396282,0.08333333333333334
3754037,Everton,80,90,50,leading,late,low,0.030612244897959183,0.006122448979591836,0.03018194866599122,0.14277244238255254,0.0939476061427281,0.09840425531914894,10.644230769230768,0.09635416666666667
3754039,Watford,0,10,57,tied,early,medium,0.039965986394557826,0.01987366375121477,0.07249045280960174,0.10111157594501077,0.11033077198490732,0.1103723404255319,9.063654518222666,0.10807291666666666
3754039,Crystal Palace,0,10,44,tied,early,low,0.026360544217687076,0.025579627243302327,0.0180594100113064,0.13383736472795518,0.08768873403019745,0.12455673758865247,11.403973509933774,0.12196180555555555
3754039,Watford,5,15,57,tied,early,medium,0.03486394557823129,0.02903286592704689,0.03956624926122932,0.10075521913655529,0.07866780397022334,0.09397163120567377,12.711680630852634,0.09201388888888891
3754039,Crystal Palace,5,15,26,tied,early,low,0.01445578231292517,0.0,0.007092198581560283,0.11168528947776402,0.24462809917355371,0.0500886524822695,4.087837837837838,0.04904513888888889
3754039,Watford,10,20,42,leading,early,low,0.021258503401360544,0.009642252932868927,0.023646344789961807,0.0,0.17188693659281892,0.06471631205673758,5.817777777777779,0.06336805555555555
3754039,Crystal Palace,10,20,31,trailing,early,low,0.0195578231292517,0.0,0.01568466993998909,0.12535063759447965,0.16059379217273956,0.08820921985815602,6.22689075630252,0.08637152777777778
3754039,Watford,15,25,23,leading,early,low,0.01445578231292517,0.0,0.004643701452212091,0.14259716411647064,0.1531986531986532,0.09352836879432623,6.527472527472527,0.0915798611111111
3754039,Crystal Palace,15,25,46,trailing,early,low,0.030612244897959183,0.0,0.047533375052148524,0.10864377543963466,0.12076612903225806,0.09840425531914894,8.280467445742905,0.09635416666666667
3754039,Watford,20,30,38,leading,early,low,0.026360544217687076,0.032209675933765065,0.04684282772820865,0.10043815147095705,0.15832820197044334,0.08111702127659573,6.315994166261547,0.07942708333333333
3754039,Crystal Palace,20,30,58,trailing,early,medium,0.03571428571428571,0.06361163099627228,0.05722877132451601,0.0971610651367779,0.10375681804253231,0.11480496453900708,9.637920850561136,0.11241319444444445
3754039,Watford,25,35,74,leading,early,medium,0.041666666666666664,0.026516006255370823,0.029479636793466577,0.12361856460873985,0.06142906694415539,0.13031914893617022,16.2789384528515,0.12760416666666669
3754039,Crystal Palace,25,35,51,trailing,early,medium,0.02976190476190476,0.006571016813510676,0.0384197695035461,0.1131980971175017,0.11232290831328523,0.12101063829787233,8.902903379343169,0.11848958333333333
3754039,Watford,30,40,65,leading,middle,medium,0.0391156462585034,0.004856838514333978,0.038508832413974264,0.12493385389183878,0.07534377387318562,0.0895390070921986,13.272496831432194,0.08767361111111113
3754039,Crystal Palace,30,40,34,trailing,middle,low,0.02295918367346939,0.0,0.03784147622800105,0.11139612985573268,0.17416666666666664,0.06294326241134751,5.741626794258374,0.06163194444444444
3754039,Watford,35,45,36,leading,middle,low,0.023809523809523808,0.0,0.030667192014709747,0.15010132396728562,0.14690476190476187,0.08377659574468084,6.8071312803889805,0.08203125
3754039,Crystal Palace,35,45,38,trailing,middle,low,0.026360544217687076,0.0,0.029240543735224587,0.11181129379423328,0.1417171717171717,0.05939716312056737,7.056307911617962,0.058159722222222224
3754039,Watford,40,50,36,tied,middle,low,0.022108843537414966,0.005782312925170068,0.02613719735876742,0.12052837561507403,0.17098521446347534,0.10726950354609929,5.848458904109589,0.10503472222222224
3754039,Crystal Palace,40,50,62,tied,middle,medium,0.036564625850340135,0.0,0.038310536980749745,0.09336885918796368,0.10872758194186764,0.0704787234042553,9.197298258087452,0.06901041666666666
3754039,Watford,45,55,29,tied,middle,low,0.0195578231292517,0.015306122448979591,0.0030722670579603813,0.10117263727231934,0.11742424242424242,0.06648936170212766,8.516129032258066,0.06510416666666667
3754039,Crystal Palace,45,55,64,tied,middle,medium,0.03741496598639456,0.014625850340136054,0.04646008576612238,0.07474214337023471,0.12079545454545455,0.06959219858156028,8.278457196613358,0.06814236111111112
3754039,Watford,50,60,25,tied,middle,low,0.0195578231292517,0.0,0.015038087733123194,0.10519141742414433,0.19791666666666666,0.0447695035460993,5.052631578947369,0.043836805555555566
3754039,Crystal Palace,50,60,73,tied,middle,medium,0.04336734693877551,0.04902947825738166,0.08294504920556381,0.08099348799815277,0.09587090650213574,0.06338652482269504,10.43069306930693,0.06206597222222223
3754039,Watford,55,65,30,tied,middle,low,0.023809523809523808,0.0,0.0114726741760534,0.0,0.14558823529411766,0.06205673758865248,6.8686868686868685,0.060763888888888895
3754039,Crystal Palace,55,65,72,tied,middle,medium,0.03826530612244898,0.028197806111731116,0.028856382978723404,0.07065431476986421,0.07026325546903968,0.09042553191489362,14.232189973614775,0.08854166666666669
3754039,Watford,60,70,39,tied,late,low,0.02806122448979592,0.021881638604846217,0.01607142857142857,0.09106320765995203,0.12460881934566145,0.0576241134751773,8.025114155251142,0.05642361111111111
3754039,Crystal Palace,60,70,49,tied,late,low,0.026360544217687076,0.004897652283361995,0.03968981821146164,0.11540525273547003,0.14334975369458128,0.12455673758865247,6.975945017182131,0.12196180555555555
3754039,Watford,65,75,47,tied,late,low,0.02806122448979592,0.005886732940030238,0.01152482269503546,0.07822390429087689,0.08333333333333333,0.07934397163120567,12.0,0.07769097222222222
3754039,Crystal Palace,65,75,43,tied,late,low,0.023809523809523808,0.0,0.011342302878598247,0.07691733215499694,0.14313725490196078,0.06205673758865248,6.986301369863014,0.060763888888888895
3754039,Watford,70,80,34,tied,late,low,0.0195578231292517,0.008503401360544217,0.0422308188265635,0.14796993121945773,0.2523448773448773,0.06648936170212766,3.9628305932809154,0.06510416666666667
3754039,Crystal Palace,70,80,41,tied,late,low,0.017857142857142856,0.0,0.005382472137791286,0.07477670488988779,0.19897435897435897,0.06826241134751772,5.025773195876289,0.06684027777777778
3754039,Watford,75,85,28,tied,late,low,0.016156462585034014,0.0,0.005440038684719536,0.0,0.14718614718614717,0.07003546099290779,6.794117647058824,0.06857638888888888
3754039,Crystal Palace,75,85,40,tied,late,low,0.0195578231292517,0.0,0.005614657210401891,0.07661314096650408,0.16396103896103895,0.06648936170212766,6.0990099009901,0.06510416666666667
3754039,Watford,80,90,27,leading,late,low,0.016156462585034014,0.0,0.0009547190398254227,0.0749775861673471,0.1111111111111111,0.026595744680851064,9.0,0.026041666666666668
3754039,Crystal Palace,80,90,38,trailing,late,low,0.023809523809523808,0.003401360544217687,0.01826241134751773,0.06942174406686247,0.1415913521176679,0.08377659574468084,7.062578222778473,0.08203125
3754041,Arsenal,0,10,117,leading,early,high,0.05782312925170068,0.030199809930709642,0.025764062935115566,0.12852114581763344,0.03579763676792179,0.1351950354609929,27.934804928131417,0.13237847222222224
3754041,Aston Villa,0,10,28,trailing,early,low,0.02040816326530612,0.027308066083576287,0.020736971939562133,0.1400577732707347,0.15578231292517003,0.1307624113475177,6.4192139737991285,0.12803819444444442
3754041,Arsenal,5,15,58,leading,early,medium,0.0391156462585034,0.0380952380952381,0.041013437849944004,0.13234399296012495,0.08240165631469978,0.0678191489361702,12.1356783919598,0.06640625
3754041,Aston Villa,5,15,68,trailing,early,medium,0.04336734693877551,0.050140423774680226,0.034513718016757525,0.10967588925138458,0.06462251828631138,0.10682624113475177,15.474482061647299,0.10460069444444445
3754041,Arsenal,10,20,59,leading,early,medium,0.04081632653061224,0.0197728845800221,0.04044750560708008,0.0,0.07784002489884842,0.08776595744680851,12.846861255497803,0.08593750000000001
3754041,Aston Villa,10,20,57,trailing,early,medium,0.03486394557823129,0.02889064624081721,0.03322005516154452,0.11523726132124376,0.08450635386119257,0.09397163120567377,11.833429728166571,0.09201388888888891
3754041,Arsenal,15,25,75,leading,early,medium,0.047619047619047616,0.036743706291802854,0.046383352167926634,0.09431261926557874,0.063600914347183,0.10239361702127657,15.723044397463003,0.10026041666666664
3754041,Aston Villa,15,25,61,trailing,early,medium,0.039965986394557826,0.048148765721517606,0.040807554124673386,0.07810749637909652,0.07718408117964166,0.08865248226950355,12.956039441248974,0.08680555555555557
3754041,Arsenal,20,30,98,leading,early,high,0.055272108843537414,0.057518463838885515,0.019611948558998848,0.11293025947733533,0.035259156136217606,0.11613475177304963,28.361427486712223,0.11371527777777778
3754041,Aston Villa,20,30,61,trailing,early,medium,0.04081632653061224,0.048238752568636634,0.042480369807497476,0.08169274583897378,0.07115846338535413,0.08776595744680851,14.053142134120627,0.08593750000000001
3754041,Arsenal,25,35,92,leading,early,high,0.05272108843537415,0.05266926244399161,0.03654563711364622,0.10936852092429539,0.047994652406417114,0.14051418439716312,20.835654596100277,0.13758680555555558
3754041,Aston Villa,25,35,34,trailing,early,low,0.025510204081632654,0.03503401360544217,0.024751773049645393,0.1546725218642497,0.11258064516129032,0.08200354609929078,8.882521489971348,0.0802951388888889
3754041,Arsenal,30,40,51,leading,middle,medium,0.03316326530612245,0.026152433058137126,0.0475214243498818,0.0856542192189753,0.11349325337331334,0.07402482269503546,8.8110964332893,0.0724826388888889
3754041,Aston Villa,30,40,74,trailing,middle,medium,0.0467687074829932,0.02568266512163658,0.02395962325040339,0.1193252204901287,0.046408045977011494,0.10328014184397162,21.54798761609907,0.10112847222222222
3754041,Arsenal,35,45,57,leading,middle,medium,0.03826530612244898,0.03816809783480662,0.04154199911347518,0.12369903008403518,0.08286701777485188,0.09042553191489362,12.067527308838132,0.08854166666666669
3754041,Aston Villa,35,45,99,trailing,middle,high,0.05952380952380952,0.0459140892145535,0.03017705058928463,0.12136752592573975,0.03626460685284215,0.19858156028368795,27.575095576187874,0.19444444444444448
3754041,Arsenal,40,50,80,leading,middle,medium,0.0467687074829932,0.05090413799012643,0.041880788972754254,0.08209028460015197,0.060294117647058824,0.08156028368794327,16.585365853658537,0.07986111111111112
3754041,Aston Villa,40,50,70,trailing,middle,medium,0.04591836734693878,0.024365641595045298,0.040769286437979446,0.10827856713529105,0.06255835667600373,0.16932624113475175,15.985074626865671,0.1657986111111111
3754041,Arsenal,45,55,77,leading,middle,medium,0.03826530612244898,0.02808260736657126,0.029820597879966444,0.08773249201257925,0.05657672229983089,0.11214539007092196,17.67511371020143,0.10980902777777776
3754041,Aston Villa,45,55,55,trailing,middle,medium,0.03231292517006803,0.014716832350075598,0.04566236068895643,0.07150322600949051,0.11560667155425221,0.09663120567375887,8.650019817677368,0.09461805555555557
3754041,Arsenal,50,60,43,leading,middle,low,0.02891156462585034,0.03685483343229901,0.03798186913749714,0.10077364669399788,0.12834079500746168,0.07845744680851063,7.791754756871036,0.07682291666666667
3754041,Aston Villa,50,60,70,trailing,middle,medium,0.0391156462585034,0.014375767361380793,0.05172561279084235,0.06599611444216394,0.07958101642312168,0.11125886524822694,12.565810854728632,0.10894097222222222
3754041,Arsenal,55,65,29,leading,middle,low,0.016156462585034014,0.029433664700151196,0.006706753006475485,0.07323246136058278,0.17079889807162535,0.04831560283687943,5.854838709677419,0.04730902777777778
3754041,Aston Villa,55,65,46,trailing,middle,low,0.022108843537414966,0.011318616808754354,0.0247885979268958,0.08804624547652261,0.14594928880643168,0.08554964539007091,6.851694915254236,0.0837673611111111
3754041,Arsenal,60,70,44,leading,late,low,0.02465986394557823,0.02292630672715951,0.023358345997973654,0.09492715694285662,0.12450592885375494,0.0828900709219858,8.031746031746032,0.08116319444444443
3754041,Arsenal,65,75,52,leading,late,medium,0.02891156462585034,0.05475808644393184,0.01695724980299448,0.11620923171930757,0.11442345533254625,0.10017730496453901,8.739466895958728,0.09809027777777779
3754041,Arsenal,70,80,76,leading,late,medium,0.04081632653061224,0.017800701988940973,0.039406490100472806,0.09402341636120035,0.06565020161290322,0.08776595744680851,15.23224568138196,0.08593750000000001
3754041,Aston Villa,70,80,21,trailing,late,low,0.01445578231292517,0.030612244897959183,0.013506466416353776,0.1682172152918507,0.20392156862745098,0.07180851063829788,4.903846153846154,0.07031250000000001
3754041,Arsenal,75,85,56,leading,late,medium,0.03316326530612245,0.0,0.03571220792173252,0.09708696898475164,0.09458812260536398,0.09574468085106383,10.572151898734178,0.09375
3754041,Aston Villa,75,85,47,trailing,late,low,0.02806122448979592,0.022489026110086064,0.019542793291962176,0.0,0.10385375494071146,0.07934397163120567,9.628924833491913,0.07769097222222222
3754041,Arsenal,80,90,38,leading,late,low,0.026360544217687076,0.0,0.02969858156028369,0.09329793339069903,0.14081447963800905,0.05939716312056737,7.101542416452442,0.058159722222222224
3754041,Aston Villa,80,90,42,trailing,late,low,0.027210884353741496,0.011427855327844655,0.03892649903288201,0.0,0.1540956340956341,0.05851063829787234,6.489476524554776,0.05729166666666667
3754042,West Bromwich Albion,0,10,36,tied,early,low,0.022108843537414966,0.0,0.012211164493250971,0.05051114141085263,0.13071895424836602,0.06382978723404255,7.6499999999999995,0.0625
3754042,Liverpool,0,10,85,tied,early,high,0.05357142857142857,0.07374128625263138,0.03599296057075312,0.11117282454468606,0.04792078476289003,0.13962765957446807,20.867771781033152,0.13671875
3754042,West Bromwich Albion,5,15,40,tied,early,low,0.02465986394557823,0.0,0.043764775413711585,0.07219630561354465,0.1774966931216931,0.061170212765957445,5.633907778295296,0.059895833333333336
3754042,Liverpool,5,15,70,tied,early,medium,0.04336734693877551,0.06133994265135589,0.03461723901953465,0.07806512942937886,0.06487244674322784,0.0851063829787234,15.414864864864866,0.08333333333333334
3754042,West Bromwich Albion,10,20,35,leading,early,low,0.025510204081632654,0.0,0.03615946701053084,0.13303486398996592,0.16115859449192782,0.06028368794326241,6.205067766647025,0.059027777777777776
3754042,Liverpool,10,20,72,trailing,early,medium,0.04591836734693878,0.059404753733013044,0.058808090705487114,0.10370841107042039,0.07943281627492153,0.12588652482269502,12.589255258669699,0.12326388888888888
3754042,West Bromwich Albion,15,25,26,leading,early,low,0.0195578231292517,0.0,0.02403846153846154,0.0,0.1958333333333333,0.0447695035460993,5.106382978723405,0.043836805555555566
3754042,Liverpool,15,25,81,trailing,early,high,0.050170068027210885,0.041457284052361765,0.05327142813844942,0.10873499268919937,0.060839665021352116,0.09973404255319147,16.436645396536008,0.09765624999999999
3754042,West Bromwich Albion,20,30,29,tied,early,low,0.021258503401360544,0.0,0.006458966565349544,0.12149060216637854,0.1065934065934066,0.08643617021276596,9.38144329896907,0.08463541666666669
3754042,Liverpool,20,30,93,tied,early,high,0.05782312925170068,0.05572839462929661,0.03702915681639086,0.10148188513795957,0.04341989047871401,0.1351950354609929,23.030919446704637,0.13237847222222224
3754042,West Bromwich Albion,25,35,36,tied,early,low,0.02295918367346939,0.0,0.02921867612293144,0.13016623261294363,0.14208333333333334,0.08466312056737588,7.038123167155425,0.08289930555555555
3754042,Liverpool,25,35,87,tied,early,high,0.04931972789115646,0.03147315802609021,0.0253816881362474,0.10843765186655921,0.042899036447423544,0.14406028368794327,23.310546875,0.1410590277777778
3754042,West Bromwich Albion,30,40,41,tied,middle,low,0.026360544217687076,0.017006802721088433,0.037677304964539006,0.11490245738087203,0.1617228087816323,0.08111702127659573,6.183419689119171,0.07942708333333333
3754042,Liverpool,30,40,58,tied,middle,medium,0.03316326530612245,0.009051635157747413,0.032912234042553196,0.11046671205117534,0.08505747126436781,0.09574468085106383,11.756756756756756,0.09375
3754042,West Bromwich Albion,35,45,25,tied,middle,low,0.017006802721088437,0.0,0.0020117294053464264,0.09829849145578076,0.11964285714285715,0.06914893617021277,8.35820895522388,0.06770833333333334
3754042,Liverpool,35,45,40,tied,middle,low,0.027210884353741496,0.0,0.021897163120567376,0.12293984404374934,0.10470588235294118,0.10195035460992909,9.55056179775281,0.09982638888888891
3754042,West Bromwich Albion,40,50,45,tied,middle,low,0.02976190476190476,0.0024943310657596376,0.013791110415797525,0.10315694294570918,0.08445001446061892,0.12101063829787233,11.841324200913242,0.11848958333333333
3754042,Liverpool,40,50,54,tied,middle,medium,0.03741496598639456,0.0,0.040132356600721654,0.11467924788827172,0.08629886737303617,0.09131205673758866,11.587637595258256,0.08940972222222224
3754042,West Bromwich Albion,45,55,63,tied,middle,medium,0.0391156462585034,0.02369557174881812,0.0159718333955456,0.10098429515177894,0.05924475524475524,0.11125886524822694,16.879131255901797,0.10894097222222222
3754042,Liverpool,45,55,85,tied,middle,high,0.05272108843537415,0.03847620096086381,0.03713814498388967,0.11890140804949764,0.04829829829829829,0.11879432624113474,20.704663212435236,0.11631944444444445
3754042,West Bromwich Albion,50,60,37,tied,middle,low,0.023809523809523808,0.02074829931972789,0.0234872249499909,0.13542133628299638,0.1337801982963273,0.08377659574468084,7.474947807933195,0.08203125
3754042,Liverpool,50,60,74,tied,middle,medium,0.04591836734693878,0.016612571943039254,0.03267591788488444,0.09433041394152376,0.05726911976911977,0.08244680851063829,17.461417322834645,0.08072916666666667
3754042,West Bromwich Albion,55,65,41,tied,middle,low,0.02891156462585034,0.01292517006802721,0.029283916723861814,0.10924703744932465,0.10662845385067608,0.07845744680851063,9.378359751895244,0.07682291666666667
3754042,Liverpool,55,65,37,tied,middle,low,0.025510204081632654,0.009523809523809525,0.02013888888888889,0.12581347760024686,0.12911725955204215,0.10372340425531915,7.744897959183675,0.1015625
3754042,West Bromwich Albion,60,70,34,tied,late,low,0.02465986394557823,0.0,0.03117612293144208,0.13613484061849376,0.155632183908046,0.061170212765957445,6.425406203840471,0.059895833333333336
3754042,Liverpool,60,70,63,tied,late,medium,0.03316326530612245,0.027087533794608504,0.023273585254137114,0.10496420237819368,0.074667616334283,0.16090425531914893,13.392686804451511,0.15755208333333334
3754042,Liverpool,65,75,107,tied,late,high,0.05612244897959184,0.03309074431083116,0.04747285593605975,0.09408012343520306,0.048101441241685146,0.1804078014184397,20.78939786804955,0.17664930555555555
3754042,West Bromwich Albion,70,80,33,tied,late,low,0.021258503401360544,0.022108843537414963,0.004107565011820331,0.0,0.11587301587301585,0.06471631205673758,8.630136986301371,0.06336805555555555
3754042,Liverpool,70,80,73,tied,late,medium,0.04931972789115646,0.047438040630034074,0.04676418439716311,0.08757792807665131,0.06378205128205128,0.07890070921985816,15.678391959798995,0.07725694444444445
3754042,West Bromwich Albion,75,85,49,tied,late,low,0.03231292517006803,0.01292517006802721,0.05663329161451814,0.10165022010406698,0.1210847975553858,0.07491134751773049,8.258675078864353,0.07335069444444443
3754042,Liverpool,75,85,44,tied,late,low,0.03231292517006803,0.0,0.027880757933949427,0.13050686051660554,0.09309081722874826,0.07491134751773049,10.742198100407055,0.07335069444444443
3754042,West Bromwich Albion,80,90,35,tied,late,low,0.02040816326530612,0.015480155807079874,0.005056474914630942,0.08219910610544039,0.10148148148148148,0.06560283687943262,9.854014598540147,0.06423611111111112
3754042,Liverpool,80,90,48,tied,late,low,0.02891156462585034,0.005886732940030238,0.02597933289007092,0.0985389099941446,0.10632478632478631,0.07845744680851063,9.405144694533764,0.07682291666666667
3754043,Tottenham Hotspur,0,10,76,leading,early,medium,0.045068027210884355,0.03783684545249036,0.029666504201078667,0.09739638039504682,0.05310892940626461,0.14849290780141844,18.829225352112676,0.14539930555555555
3754043,AFC Bournemouth,0,10,52,trailing,early,medium,0.03231292517006803,0.03895781586815708,0.023793511045895492,0.10265139833842789,0.07283537718320326,0.14007092198581558,13.729591836734695,0.13715277777777776
3754043,Tottenham Hotspur,5,15,78,leading,early,medium,0.04251700680272109,0.03829261176255076,0.03384709557581898,0.09469114635440982,0.06057347670250896,0.12943262411347517,16.50887573964497,0.1267361111111111
3754043,AFC Bournemouth,5,15,47,trailing,early,low,0.02891156462585034,0.04263835186695688,0.01692966903073286,0.12010225402124101,0.0737812911725955,0.12189716312056736,13.55357142857143,0.11935763888888888
3754043,Tottenham Hotspur,10,20,85,leading,early,high,0.05102040816326531,0.02666902437938109,0.04495998731371072,0.10356320555088921,0.0519995216863971,0.09884751773049645,19.230946123521683,0.09678819444444445
3754043,AFC Bournemouth,10,20,30,trailing,early,low,0.01870748299319728,0.021088435374149662,0.012189716312056736,0.14831110510104886,0.12442507867344467,0.11081560283687943,8.036964980544749,0.10850694444444445
3754043,Tottenham Hotspur,15,25,96,leading,early,high,0.06377551020408163,0.03530371799114014,0.033031584604582935,0.11178484923516151,0.03404663244480178,0.10726950354609928,29.371480472297915,0.10503472222222222
3754043,AFC Bournemouth,15,25,26,trailing,early,low,0.01870748299319728,0.013605442176870748,0.0150709219858156,0.14336934650122474,0.16084114805342428,0.0673758865248227,6.217314487632509,0.06597222222222222
3754043,Tottenham Hotspur,20,30,93,leading,early,high,0.06037414965986394,0.02402591485752351,0.04016205339962143,0.1112346211618238,0.04269744483159117,0.08909574468085105,23.42060523631418,0.08723958333333333
3754043,AFC Bournemouth,20,30,33,trailing,early,low,0.0195578231292517,0.0,0.012943262411347519,0.0835319448644192,0.16339869281045752,0.06648936170212766,6.12,0.06510416666666667
3754043,Tottenham Hotspur,25,35,75,leading,early,medium,0.050170068027210885,0.02812139017351725,0.05113263094836042,0.12346234358214055,0.06085242670608525,0.09973404255319147,16.4331983805668,0.09765624999999999
3754043,AFC Bournemouth,25,35,36,trailing,early,low,0.022108843537414966,0.006122448979591836,0.029097011144883483,0.13869662820133674,0.16881374127750937,0.08554964539007091,5.92368839427663,0.0837673611111111
3754043,Tottenham Hotspur,30,40,54,leading,middle,medium,0.0391156462585034,0.008660344071989862,0.05627538340304298,0.06512142968178053,0.08726945569050833,0.0895390070921986,11.458762886597938,0.08767361111111113
3754043,AFC Bournemouth,30,40,47,trailing,middle,low,0.03316326530612245,0.0347539473283944,0.030451204196217496,0.13310327907353356,0.08833333333333335,0.09574468085106383,11.32075471698113,0.09375
3754043,Tottenham Hotspur,35,45,57,leading,middle,medium,0.03826530612244898,0.048369879363110824,0.05618519925700777,0.08593729794681551,0.09189789123196448,0.15558510638297873,10.881642512077294,0.15234375000000003
3754043,AFC Bournemouth,35,45,47,trailing,middle,low,0.03231292517006803,0.01153020943823915,0.038200640585678326,0.12375137102640232,0.09903225806451614,0.09663120567375887,10.09771986970684,0.09461805555555557
3754043,Tottenham Hotspur,40,50,55,leading,middle,medium,0.034013605442176874,0.04651164342822198,0.016471045636282426,0.1065231963156569,0.06248366013071896,0.20345744680851063,16.00418410041841,0.19921875
3754043,AFC Bournemouth,40,50,57,trailing,middle,medium,0.03741496598639456,0.038685758994846525,0.03476018682689782,0.10319997808002035,0.08294354838709678,0.09131205673758866,12.056392805055907,0.08940972222222224
3754043,Tottenham Hotspur,45,55,45,leading,middle,low,0.030612244897959183,0.012856337243825237,0.032104063686510496,0.12198119762331876,0.10495013817133245,0.09840425531914894,9.528334287349743,0.09635416666666667
3754043,AFC Bournemouth,45,55,71,trailing,middle,medium,0.04421768707482993,0.041702441011581964,0.0472083477483711,0.11002568679641798,0.07050118665363675,0.10593971631205673,14.184158415841583,0.1037326388888889
3754043,Tottenham Hotspur,50,60,67,leading,middle,medium,0.041666666666666664,0.023286314828323006,0.038987536503963284,0.1002371709147194,0.07240047534165181,0.10859929078014183,13.812064013130898,0.10633680555555555
3754043,AFC Bournemouth,50,60,51,trailing,middle,medium,0.030612244897959183,0.03836613781022659,0.03636419964920309,0.10133408223729931,0.10972906403940887,0.09840425531914894,9.113355780022447,0.09635416666666667
3754043,Tottenham Hotspur,55,65,67,leading,middle,medium,0.04336734693877551,0.02012036478270041,0.03377920317062995,0.09297877019843968,0.05647653000594177,0.12854609929078012,17.70647027880063,0.12586805555555555
3754043,AFC Bournemouth,55,65,38,trailing,middle,low,0.02295918367346939,0.030606078359933012,0.023075218221494817,0.11176071718616618,0.14774472838988967,0.10638297872340426,6.7684310018903595,0.10416666666666667
3754043,Tottenham Hotspur,60,70,36,leading,late,low,0.02465986394557823,0.02557493121821017,0.03471085651936716,0.13629297773648635,0.13864801864801865,0.1046099290780142,7.212508406186953,0.10243055555555558
3754043,AFC Bournemouth,60,70,48,trailing,late,low,0.026360544217687076,0.0,0.0406000664893617,0.08664664895649152,0.14498824221046444,0.10283687943262412,6.897110998479472,0.10069444444444446
3754043,Tottenham Hotspur,65,75,43,leading,late,low,0.027210884353741496,0.005356591316738733,0.02612741683552854,0.105020615682865,0.10043392504930967,0.10195035460992909,9.956794972505891,0.09982638888888891
3754043,AFC Bournemouth,65,75,59,trailing,late,medium,0.03486394557823129,0.016099773242630386,0.027099545245600213,0.0980290760990524,0.08719211822660099,0.07225177304964539,11.468926553672317,0.07074652777777779
3754043,Tottenham Hotspur,70,80,82,leading,late,high,0.045068027210884355,0.011026799393379635,0.03722704367301232,0.08046080008262464,0.052315720808871494,0.12677304964539007,19.114713216957608,0.12413194444444446
3754043,AFC Bournemouth,70,80,42,trailing,late,low,0.026360544217687076,0.013700375929299964,0.021453900709219858,0.11609436545918089,0.12020460358056266,0.10283687943262412,8.319148936170214,0.10069444444444446
3754043,Tottenham Hotspur,75,85,61,leading,late,medium,0.03571428571428571,0.01273375243333846,0.047660969923824535,0.07307541003581061,0.08996737631587798,0.11480496453900708,11.115140186915887,0.11241319444444445
3754043,AFC Bournemouth,75,85,37,trailing,late,low,0.027210884353741496,0.04008746355685131,0.009239250886524822,0.10219331184605183,0.09744503862150922,0.12367021276595742,10.262195121951219,0.12109374999999999
3754043,Tottenham Hotspur,80,90,46,leading,late,low,0.02891156462585034,0.0485251819715972,0.0598404255319149,0.08699732108097478,0.16663909567135374,0.07845744680851063,6.000992720052945,0.07682291666666667
3754043,AFC Bournemouth,80,90,54,trailing,late,medium,0.034013605442176874,0.017487313514453172,0.042840388593380616,0.10793538212479412,0.1155608504398827,0.0948581560283688,8.653449643140364,0.09288194444444446
3754045,Leicester City,0,10,59,tied,early,medium,0.03231292517006803,0.03720653948511918,0.024014972419227742,0.10902243035608009,0.08659574468085106,0.16179078014184398,11.547911547911548,0.1584201388888889
3754045,Manchester City,0,10,75,tied,early,medium,0.045068027210884355,0.03951224569739655,0.05030056302102775,0.09809943915984472,0.07029574743636016,0.08333333333333334,14.22561159770462,0.08159722222222224
3754045,Leicester City,5,15,30,tied,early,low,0.01870748299319728,0.03843537414965986,0.0190836132885405,0.18911336319500513,0.15204678362573099,0.08909574468085106,6.5769230769230775,0.08723958333333334
3754045,Manchester City,5,15,60,tied,early,medium,0.0391156462585034,0.02467966342322578,0.04943310214156584,0.10385403278554055,0.08959741701140148,0.0895390070921986,11.161036036036036,0.08767361111111113
3754045,Leicester City,10,20,34,tied,early,low,0.016156462585034014,0.0,0.017486702127659574,0.1319119337268274,0.22065359477124183,0.07003546099290779,4.531990521327014,0.06857638888888888
3754045,Manchester City,10,20,61,tied,early,medium,0.03486394557823129,0.009070294784580499,0.040227183179310844,0.12879439837202128,0.08515151515151516,0.07225177304964539,11.74377224199288,0.07074652777777779
3754045,Leicester City,15,25,44,tied,early,low,0.02295918367346939,0.038120825064419286,0.018502384446074834,0.09858832540150407,0.16842105263157894,0.06294326241134751,5.9375,0.06163194444444444
3754045,Manchester City,15,25,94,tied,early,high,0.055272108843537414,0.02835204585122499,0.03640973109058215,0.1127916036121468,0.044514026221343296,0.09441489361702125,22.4648292883587,0.09244791666666666
3754045,Leicester City,20,30,28,tied,early,low,0.01870748299319728,0.017006802721088433,0.003273322422258592,0.08875872468495466,0.16142857142857145,0.04565602836879433,6.194690265486725,0.04470486111111112
3754045,Manchester City,20,30,97,tied,early,high,0.06037414965986394,0.05318269404103893,0.05071754568651731,0.11019788317031319,0.04416896235078053,0.08909574468085105,22.64033264033264,0.08723958333333333
3754045,Leicester City,25,35,28,tied,early,low,0.017857142857142856,0.022781695288293224,0.005585106382978724,0.13139550632190705,0.11018518518518518,0.08998226950354608,9.07563025210084,0.08810763888888888
3754045,Manchester City,25,35,74,tied,early,medium,0.047619047619047616,0.0491577164910943,0.05238708835010171,0.07147601183078695,0.06682573347472605,0.10239361702127657,14.96429516001058,0.10026041666666664
3754045,Leicester City,30,40,37,tied,middle,low,0.02806122448979592,0.038087817737272815,0.03744852436513384,0.09509519955135824,0.13367569249922193,0.07934397163120567,7.480791618160651,0.07769097222222222
3754045,Manchester City,30,40,65,tied,middle,medium,0.04421768707482993,0.035897180424133104,0.026353690816876704,0.12039252447767086,0.059360126916975155,0.1276595744680851,16.846325167037858,0.125
3754045,Leicester City,35,45,46,tied,middle,low,0.025510204081632654,0.022108843537414963,0.022981451172940533,0.13767908454335898,0.11754049445865301,0.08200354609929078,8.507706255666365,0.0802951388888889
3754045,Manchester City,35,45,41,tied,middle,low,0.02976190476190476,0.01564625850340136,0.03723404255319148,0.1275528142821657,0.10491136297587912,0.09929078014184398,9.531855955678669,0.09722222222222224
3754045,Leicester City,40,50,44,tied,middle,low,0.0195578231292517,0.0,0.007904846335697399,0.12238416193795804,0.14102564102564102,0.044769503546099286,7.090909090909091,0.04383680555555555
3754045,Manchester City,40,50,46,tied,middle,low,0.02806122448979592,0.008503401360544217,0.00975177304964539,0.10178659754806851,0.10475181063416358,0.10106382978723404,9.546374367622258,0.09895833333333333
3754045,Leicester City,45,55,45,tied,middle,low,0.026360544217687076,0.01499906011779611,0.02938829787234043,0.11446487084206333,0.13397802197802197,0.10283687943262412,7.463910761154856,0.10069444444444446
3754045,Manchester City,45,55,64,tied,middle,medium,0.04081632653061224,0.03680084132402759,0.07698711295623595,0.0,0.1037037037037037,0.08776595744680851,9.642857142857142,0.08593750000000001
3754045,Leicester City,50,60,64,tied,middle,medium,0.03826530612244898,0.0452078282055157,0.036876746185256826,0.13720978963969666,0.08049242424242424,0.11214539007092197,12.423529411764706,0.10980902777777778
3754045,Manchester City,50,60,43,tied,middle,low,0.02806122448979592,0.008503401360544217,0.011081560283687944,0.09184774213950199,0.10554765291607399,0.07934397163120567,9.474393530997302,0.07769097222222222
3754045,Leicester City,55,65,36,tied,middle,low,0.022108843537414966,0.017006802721088433,0.011951667980036775,0.0,0.12789115646258503,0.08554964539007091,7.819148936170213,0.0837673611111111
3754045,Manchester City,55,65,54,tied,middle,medium,0.031462585034013606,0.03954134636649032,0.03134476644656395,0.11869204518689495,0.09383524277141299,0.09751773049645392,10.656976744186046,0.09548611111111113
3754045,Leicester City,60,70,20,tied,late,low,0.011904761904761904,0.0,0.0025683145598664994,0.15276040767893692,0.16296296296296298,0.07446808510638298,6.136363636363636,0.07291666666666667
3754045,Manchester City,60,70,47,tied,late,low,0.030612244897959183,0.009750566893424038,0.04011735900033772,0.09017808422516725,0.128619488165325,0.07668439716312056,7.774871555347968,0.07508680555555555
3754045,Leicester City,65,75,44,tied,late,low,0.025510204081632654,0.03640221381897845,0.021730412022965214,0.0,0.13732303732303733,0.08200354609929078,7.2820993439550135,0.0802951388888889
3754045,Manchester City,65,75,22,tied,late,low,0.013605442176870748,0.0,0.0037475822050290135,0.12535274650963982,0.18611111111111112,0.0726950354609929,5.3731343283582085,0.07118055555555555
3754045,Leicester City,70,80,30,tied,late,low,0.02040816326530612,0.02562358276643991,0.015460992907801419,0.09859866763222325,0.16243040426046962,0.08732269503546099,6.156482861400894,0.08550347222222222
3754045,Manchester City,70,80,32,tied,late,low,0.016156462585034014,0.0,0.01290126913027249,0.18053098399800058,0.1603641456582633,0.09175531914893617,6.2358078602620095,0.08984375000000001
3754045,Leicester City,75,85,23,tied,late,low,0.012755102040816327,0.0,0.0013086795001688617,0.11725589376977555,0.14603174603174604,0.05186170212765957,6.8478260869565215,0.05078125
3754045,Manchester City,75,85,70,tied,late,medium,0.04251700680272109,0.010856462561452422,0.04132070576024909,0.1099358110420703,0.07403955679817749,0.06427304964539006,13.506293706293706,0.06293402777777778
3754045,Leicester City,80,90,31,tied,late,low,0.017006802721088437,0.08940719144800778,0.0038544557508479803,0.1265095370884042,0.12348484848484849,0.13430851063829785,8.098159509202453,0.13151041666666666
3754045,Manchester City,80,90,78,tied,late,medium,0.04421768707482993,0.021329303446158455,0.036379720555252466,0.10171353386374964,0.06204481792717086,0.1276595744680851,16.11738148984199,0.125
3754048,Crystal Palace,0,10,63,tied,early,medium,0.03826530612244898,0.013180393262107007,0.06750517139479906,0.09086851947392201,0.11819517930629042,0.13386524822695034,8.460581944789853,0.1310763888888889
3754048,Everton,0,10,51,tied,early,medium,0.03571428571428571,0.0254254740013416,0.02760389372183209,0.1352599493724133,0.07437352752195331,0.13652482269503544,13.445644348452124,0.13368055555555555
3754048,Crystal Palace,5,15,62,tied,early,medium,0.04081632653061224,0.023316162494427063,0.03109929078014184,0.1173107989339669,0.07091750841750842,0.10948581560283688,14.100890207715134,0.10720486111111112
3754048,Everton,5,15,53,tied,early,medium,0.03486394557823129,0.03424713639814775,0.032850669818754924,0.10776988969079025,0.09547267182735163,0.11569148936170211,10.474201474201475,0.11328124999999999
3754048,Crystal Palace,10,20,56,tied,early,medium,0.0391156462585034,0.036119211282369744,0.052022676371780506,0.11021241800557559,0.08890469416785206,0.13297872340425532,11.248000000000001,0.13020833333333334
3754048,Everton,10,20,65,tied,early,medium,0.04081632653061224,0.004285445747941746,0.047171985815602835,0.08838751842252589,0.08176100628930817,0.08776595744680851,12.230769230769232,0.08593750000000001
3754048,Crystal Palace,15,25,53,tied,early,medium,0.03316326530612245,0.025327167664423646,0.0386768182450285,0.09894123112077552,0.09690860215053763,0.16090425531914893,10.319001386962553,0.15755208333333334
3754048,Everton,15,25,62,tied,early,medium,0.041666666666666664,0.030223517978620017,0.04567780266268508,0.12618954123741669,0.07753883914874626,0.10859929078014183,12.89676258992806,0.10633680555555555
3754048,Crystal Palace,20,30,54,tied,early,medium,0.03231292517006803,0.02795518375504752,0.026824525280256237,0.10864863190326453,0.09944055944055945,0.14007092198581558,10.056258790436004,0.13715277777777776
3754048,Everton,20,30,65,tied,early,medium,0.04081632653061224,0.03183473984185296,0.053529768570362075,0.10099651548220402,0.0833270944074268,0.10948581560283688,12.000898472596587,0.10720486111111112
3754048,Crystal Palace,25,35,41,tied,early,low,0.02806122448979592,0.0,0.021813883516011174,0.09548811840886043,0.11037037037037038,0.07934397163120567,9.060402684563757,0.07769097222222222
3754048,Everton,25,35,84,tied,early,high,0.050170068027210885,0.04906700153953514,0.033549097830621606,0.13173179942128105,0.05099484511249217,0.14317375886524825,19.609825224374113,0.14019097222222227
3754048,Crystal Palace,30,40,49,tied,middle,low,0.031462585034013606,0.019047619047619046,0.019698491098567087,0.11496946244981925,0.08548999309868875,0.07579787234042552,11.697275479313824,0.07421875
3754048,Everton,30,40,68,tied,middle,medium,0.04251700680272109,0.0162956477039369,0.032453076867970485,0.12285862235396881,0.07007168458781363,0.12943262411347517,14.271099744245523,0.1267361111111111
3754048,Crystal Palace,35,45,44,tied,middle,low,0.02806122448979592,0.0301842354910137,0.03959810874704492,0.0884653009787774,0.14376218323586742,0.07934397163120567,6.955932203389832,0.07769097222222222
3754048,Everton,35,45,36,tied,middle,low,0.02295918367346939,0.0184645286686103,0.019571740316421164,0.12054481048908373,0.12161796536796536,0.1281028368794326,8.222469410456062,0.12543402777777776
3754048,Crystal Palace,40,50,49,tied,middle,low,0.034013605442176874,0.01020408163265306,0.0354130726471152,0.07244749335393971,0.09269810659186536,0.07313829787234041,10.787706855791962,0.07161458333333333
3754048,Everton,40,50,46,tied,middle,low,0.02806122448979592,0.03242630385487528,0.026950354609929075,0.14527425916364461,0.11451143451143452,0.07934397163120567,8.73275236020334,0.07769097222222222
3754048,Crystal Palace,45,55,39,tied,middle,low,0.02806122448979592,0.0,0.027330293819655523,0.11194346230928551,0.11733582321817615,0.07934397163120567,8.522546419098145,0.07769097222222222
3754048,Everton,45,55,75,tied,middle,medium,0.04591836734693878,0.0327894193421431,0.03831428946677174,0.13122344583992243,0.058608058608058615,0.08244680851063829,17.062499999999996,0.08072916666666667
3754048,Everton,50,60,64,tied,middle,medium,0.04081632653061224,0.02748757181209722,0.04550257514353259,0.11113514993694977,0.07378151260504201,0.08776595744680851,13.55353075170843,0.08593750000000001
3754048,Crystal Palace,55,65,51,tied,middle,medium,0.03486394557823129,0.0021379980563654036,0.019809918648310384,0.13868093961376354,0.06867049420240909,0.11569148936170211,14.562295081967214,0.11328124999999999
3754048,Everton,55,65,51,tied,middle,medium,0.02976190476190476,0.015329116109162835,0.047212541778756015,0.12044988481039104,0.12444021495745634,0.09929078014184398,8.035987404408457,0.09722222222222224
3754048,Crystal Palace,60,70,81,tied,late,high,0.05442176870748299,0.01661145974466233,0.04505968211752786,0.12723931030257757,0.050700854700854704,0.0953014184397163,19.723533378287254,0.09331597222222222
3754048,Everton,60,70,26,tied,late,low,0.013605442176870748,0.0,0.003126166480029862,0.13983207085067345,0.14777777777777779,0.09441489361702128,6.7669172932330826,0.09244791666666669
3754048,Crystal Palace,65,75,96,tied,late,high,0.055272108843537414,0.028480589381902604,0.0452461495049681,0.11097321908419819,0.05632362107820417,0.09441489361702125,17.75454029511918,0.09244791666666666
3754048,Crystal Palace,70,80,103,tied,late,high,0.05272108843537415,0.04080504461080822,0.034923524041708884,0.0859431588554815,0.04463833380242049,0.14051418439716312,22.402269861286253,0.13758680555555558
3754048,Everton,70,80,20,tied,late,low,0.012755102040816327,0.0,0.0022374197906112796,0.11049779931368948,0.19419642857142858,0.07358156028368794,5.149425287356322,0.07204861111111112
3754048,Crystal Palace,75,85,97,tied,late,high,0.05187074829931973,0.04099731636012374,0.03624009047441298,0.11435031202550922,0.055156022701661644,0.0979609929078014,18.130386329866273,0.09592013888888888
3754048,Everton,75,85,26,tied,late,low,0.017857142857142856,0.0,0.0027862208713272545,0.09806773845166646,0.1455026455026455,0.04654255319148936,6.872727272727273,0.04557291666666667
3754048,Crystal Palace,80,90,85,tied,late,high,0.05357142857142857,0.04197346192463502,0.05307522092761455,0.10403708062083757,0.059451019066403675,0.07446808510638298,16.820569532761958,0.07291666666666667
3754048,Everton,80,90,23,tied,late,low,0.016156462585034014,0.0,0.002386797599563557,0.08926871567940284,0.16964285714285715,0.04831560283687943,5.894736842105263,0.04730902777777778
